Kode Unit,Judul Unit,Elemen Kompetensi,Jabatan
C.29TDI01.001.1,Merumuskan Aspirasi Transformasi Industri 4.0,Mengenali industri 4.0,Manager
C.29TDI01.001.1,Merumuskan Aspirasi Transformasi Industri 4.0,Mengidentifikasi core element industri 4.0,Manager
C.29TDI01.001.1,Merumuskan Aspirasi Transformasi Industri 4.0,Membuat peta pemangku kepentingan,Manager
C.29TDI01.002.1,Merumuskan Peluang Penerapan Transformasi Industri 4.0,Melakukan business model analysis dan business process,Manager
C.29TDI01.002.1,Merumuskan Peluang Penerapan Transformasi Industri 4.0,Melakukan gap analysis,Manager
C.29TDI01.002.1,Merumuskan Peluang Penerapan Transformasi Industri 4.0,Menentukan peluang peningkatan capaian kinerja,Manager
C.29TDI01.003.1,Merencanakan Transformasi Industri 4.0,Menentukan target transformasi industri 4.0,Manager
C.29TDI01.003.1,Merencanakan Transformasi Industri 4.0, Membuat business process dan roadmap,Manager
C.29TDI01.003.1,Merencanakan Transformasi Industri 4.0,Membuat strategi penerapan roadmap,Manager
C.29TDI01.004.1,Melakukan Pilot Project Industri 4.0,Menyiapkan proyek,Manager
C.29TDI01.004.1,Melakukan Pilot Project Industri 4.0,Mengimplementasikan solusi,Manager
C.29TDI01.005.1,Mengevaluasi Implementasi Solusi Transformasi,Memantau progres,Manager
C.29TDI01.005.1,Mengevaluasi Implementasi Solusi Transformasi,Menganalisis hasil,Manager
C.29TDI01.006.1,Mengevaluasi Dampak Penerapan Transformasi, Mengukur dampak bisnis,Manager
C.29TDI01.006.1,Mengevaluasi Dampak Penerapan Transformasi,Menyusun laporan akhir,Manager
C.29TDI02.001.1,Merencanakan Rekayasa Kasus Bisnis Industri 4.0,dentifikasi kebutuhan teknis,Engineer
C.29TDI02.002.1,Mengimplementasikan Kasus Bisnis,Eksekusi teknis,Engineer
C.29TDI02.003.1,Melakukan Internalisasi Solusi Kasus Bisnis,Edukasi pengguna,Engineer
C.29TDI03.001.1,Mengelola Smart Maintenance,Pengaturan sistem perawatan,Maintainer
C.29TDI03.002.1,Menggunakan Digital Assistance,Operasional bantuan digital,Maintainer
C.29TDI03.003.1,Melakukan Predictive Maintenance,Analisis data kondisi mesin,Maintainer
J.62KAM00.001.2,Mengklasifikasikan Informasi yang Bersifat Rahasia,Membuat kategori klasifikasi informasi,Cyber security
J.62KAM00.001.2,Mengklasifikasikan Informasi yang Bersifat Rahasia,Mendata informasi yang bersifat rahasia,Cyber security
J.62KAM00.002.1,Melaksanakan Pengamanan Informasi yang Bersifat Rahasia,Menentukan kebijakan kriptografi,Cyber security
J.62KAM00.002.1,Melaksanakan Pengamanan Informasi yang Bersifat Rahasia,Menentukan metode enkripsi data,Cyber security
J.62KAM00.009.1,Melaksanakan Autentikasi dalam Upaya Mencegah Pemalsuan Informasi,Melakukan validasi dalam upaya mencegah pemalsuan informasi,Cyber security
J.62KAM00.009.1,Melaksanakan Autentikasi dalam Upaya Mencegah Pemalsuan Informasi,Mendokumentasikan hasil Autentikasi untuk validasi informasi,Cyber security
J.62KAM00.013.2,Menyusun Rencana Pelaksanaan Pelindungan Fisik Keamanan Informasi,Mengidentifikasi keberadaan entitas pada area pengamanan fisik,Cyber security
J.62KAM00.013.2,Menyusun Rencana Pelaksanaan Pelindungan Fisik Keamanan Informasi,Menentukan rencana pelaksanaan pelindungan fisik Keamanan Informasi,Cyber security
J.62KAM00.014.2,Memetakan Profil Sumber Daya Manusia Keamanan Informasi,Menentukan profil SDM sesuai dengan profil risiko Keamanan Informasi organisasi,Cyber security
J.62KAM00.014.2,Memetakan Profil Sumber Daya Manusia Keamanan Informasi,Menyusun pembagian peran sesuai profil SDM,Cyber security
J.62KAM00.015.1,Menyusun Dokumen Skrining Personel Keamanan Informasi,Menentukan kriteria skrining personel Keamanan Informasi,Cyber security
J.62KAM00.015.1,Menyusun Dokumen Skrining Personel Keamanan Informasi,Merancang instrumen skrining personel Keamanan Informasi,Cyber security
J.62KAM00.003.2,Melaksanakan Pengamanan Integritas Informasi,Menentukan tingkat kepentingan informasi,Cyber security
J.62KAM00.003.2,Melaksanakan Pengamanan Integritas Informasi,Melaksanakan pengamanan Integritas informasi,Cyber security
J.62KAM00.004.2,Melaksanakan Validasi Integritas Informasi,Mengidentifikasi ancaman terhadap Integritas informasi,Cyber security
J.62KAM00.004.2,Melaksanakan Validasi Integritas Informasi,Mengidentifikasi metode validasi Integritas informasi,Cyber security
J.62KAM00.004.2,Melaksanakan Validasi Integritas Informasi,Mendokumentasikan hasil validasi Integritas informasi,Cyber security
J.62KAM00.005.1,Melaksanakan Keberlangsungan Keamanan Informasi,Menentukan kebutuhan keberlangsungan Keamanan Informasi,Cyber security
J.62KAM00.005.1,Melaksanakan Keberlangsungan Keamanan Informasi,Melaksanakan uji coba keberlangsungan Keamanan Informasi,Cyber security
J.62KAM00.007.1,Menetapkan Metode Autentikasi,Mengidentifikasi kebutuhan metode Autentikasi,Cyber security
J.62KAM00.007.1,Menetapkan Metode Autentikasi, Menentukan metode Autentikasi,Cyber security
J.62KAM00.010.1,Menentukan Aset Teknologi Informasi yang Dikontrol,Melakukan pencatatan Aset Teknologi Informasi,Cyber security
J.62KAM00.010.1,Menentukan Aset Teknologi Informasi yang Dikontrol,Menerapkan kategori di setiap aset penting,Cyber security
J.62KAM00.011.2,Melaksanakan Pengontrolan Akses Pengguna yang Berwenang,Mengidentifikasi hak akses pengguna,Cyber security
J.62KAM00.011.2,Melaksanakan Pengontrolan Akses Pengguna yang Berwenang,Melakukan pengontrolan akses pengguna,Cyber security
M.70SDM01.017.2,Melakukan Proses Rekrutmen ,Menyiapkan program rekrutmen ,Manajemen SDM
M.70SDM01.017.2,Melakukan Proses Rekrutmen ,Melaksanakan program rekrutmen ,Manajemen SDM
M.70SDM01.023.2,Menyusun Sistem Remunerasi ,Menentukan komponen upah dan non upah ,Manajemen SDM
M.70SDM01.023.2,Menyusun Sistem Remunerasi ,Menyusun struktur dan skala upah ,Manajemen SDM
M.70SDM01.029.2,Mengelola Proses Penilaian Kinerja Individu ,Menyiapkan pelaksanaan penilaian kinerja individu ,Manajemen SDM
M.70SDM01.029.2,Mengelola Proses Penilaian Kinerja Individu ,Melakukan kompilasi hasil penilaian kinerja individu ,Manajemen SDM
M.70SDM01.035.2,Merancang Model dan Kamus Kompetensi ,Menetapkan model kompetensi organisasi ,Manajemen SDM
M.70SDM01.037.2,Menyusun Kelompok Pekerja Bertalenta (Talent Pool) ,Menetapkan profil posisi jabatan kunci ,Manajemen SDM
M.70SDM01.037.2,Menyusun Kelompok Pekerja Bertalenta (Talent Pool) ,Mengusulkan kandidat pekerja bertalenta ,Manajemen SDM
M.70SDM01.059.2,Melakukan Administrasi Penerapan Kebijakan MSDM ,Mengkompilasi ketentuan administrasi penerapan kebijakan MSDM ,Manajemen SDM
M.70SDM01.059.2,Melakukan Administrasi Penerapan Kebijakan MSDM ,Melaksanakan administrasi kebijakan MSDM ,Manajemen SDM
M.74MAB02.003.1,Melakukan Warming Up atas Unit Alat Berat,Menyiapkan pelaksanaan warming up,Mekanik
M.74MAB02.008.1,Melakukan Periodic Maintenance Clinic (PMC) Dump Truck,Menyiapkan pelaksanaan PMC Dump Truck,Mekanik
M.74MAB02.009.1,Melakukan PMC pada Wheel Loader,Mengukur performance Hydraulic System,Mekanik
M.74MAB02.022.1,Melakukan Penggantian Unit Axle,Menyiapkan penggantian Axle,Mekanik
M.74MAB02.036.1,Melakukan Overhaul Suspension Dump Truck,Mengembalikan kondisi performance Suspension,Mekanik
M.74MAB02.011.1,Melakukan PMC pada Soil Stabilizer,Menyiapkan pelaksanaan PMC Soil Stabilizer,Mekanik
M.74MAB02.011.1,Melakukan PMC pada Soil Stabilizer,Memastikan performance Engine,Mekanik
M.74MAB02.012.1,Melakukan PMC pada Mobile Crane,Memastikan kondisi Tyre dan Rim,Mekanik
M.74MAB02.013.1,Melakukan PMC pada Forklift,Memastikan level dan spesifikasi oli,Mekanik
M.74MAB02.015.1,Melakukan PMC pada Traktor Pertanian,Menyiapkan pelaksanaan PMC Traktor,Mekanik
M.74MAB02.018.1,Melakukan Overhaul Engine,Melakukan bongkar pasang (dis-assy/assy) Engine,Mekanik
M.69PTA00.001.3,Memproses Entri Jurnal,Memeriksa dokumen sumber dan pendukung,Teknisi Akuntansi
M.69PTA00.001.3,Memproses Entri Jurnal,Mencatat dokumen sumber ke dalam jurnal,Teknisi Akuntansi
M.69PTA00.001.3,Memproses Entri Jurnal,Mengarsipkan dokumen sumber dan pendukung,Teknisi Akuntansi
M.69PTA00.002.1,Mengelola Akun Dalam Laporan Keuangan,Mempersiapkan verifikasi atau rekonsiliasi atas pengelolaan akun,Teknisi Akuntansi
M.69PTA00.002.1,Mengelola Akun Dalam Laporan Keuangan,Melakukan pembukuan mutasi akun,Teknisi Akuntansi
M.69PTA00.002.1,Mengelola Akun Dalam Laporan Keuangan,Melakukan verifikasi atau rekonsiliasi data akun,Teknisi Akuntansi
M.69PTA00.003.3,Memproses Buku Besar,Mempersiapkan pengelolaan buku besar,Teknisi Akuntansi
M.69PTA00.003.3,Memproses Buku Besar,Membukukan jumlah angka dari jurnal ke buku besar,Teknisi Akuntansi
M.69PTA00.003.3,Memproses Buku Besar,Menyusun daftar saldo akun dalam buku besar,Teknisi Akuntansi
M.69PTA00.004.3,Menyusun Laporan Keuangan Entitas Tunggal untuk Skala UMKM,Mencatat jurnal penyesuaian,Teknisi Akuntansi
M.69PTA00.004.3,Menyusun Laporan Keuangan Entitas Tunggal untuk Skala UMKM,Menyajikan laporan keuangan,Teknisi Akuntansi
M.69PTA00.005.3,Menyusun Laporan Keuangan UMKM dengan Aplikasi Komputer,Menyusun data setup awal dan saldo awal,Teknisi Akuntansi
M.69PTA00.005.3,Menyusun Laporan Keuangan UMKM dengan Aplikasi Komputer,Melakukan entri transaksi,Teknisi Akuntansi
M.69PTA00.006.1,Menyusun Laporan Keuangan Entitas Tunggal Keseluruhan Skala Usaha,Menyajikan laporan keuangan,Teknisi Akuntansi
M.69PTA00.016.1,Memberikan Dukungan Penilaian Risiko,Memberikan dukungan teknis administrasi dokumen pra-perikatan,Teknisi Akuntansi
M.69PTA00.016.1,Memberikan Dukungan Penilaian Risiko,Melakukan prosedur analitis awal,Teknisi Akuntansi
M.69PTA00.013.1,Melakukan Pemenuhan Pajak Orang Pribadi,Menyiapkan data perpajakan,Teknisi Akuntansi
M.69PTA00.018.1,Dukungan Penyusunan Laporan Auditor Independen,Menyiapkan administrasi laporan,Teknisi Akuntansi
J.62GIM00.001.2,Membuat Ide Konsep Game (Game Concept),Menentukan bentuk produk game,Game Designer
J.62GIM00.011.2,Membuat Desain Teknik Game (Game Technical Design),Menerjemahkan konsep desain teknik game,Game Designer
J.62GIM00.011.2,Membuat Desain Teknik Game (Game Technical Design),Melakukan uji coba dan pengukuran kesuksesan,Game Designer
J.62GIM00.013.2,Membuat Desain Narasi Game (Game Narrative Design),Membuat komponen desain narasi game,Game Designer
J.62GIM00.020.2,Membuat Dokumen Perancangan Artistik (ADD),Menentukan konsep artistik utama,Game Artist
J.62GIM00.033.2,Melakukan Integrasi Objek Statis ke Game Engine,Mempersiapkan aset statis,Game Artist
J.62GIM00.041.1,Menerapkan Standar Kualitas Pemrograman Game,Mengimplementasikan standar kualitas,Game Programmer
J.62GIM00.041.1,Menerapkan Standar Kualitas Pemrograman Game,Mendokumentasikan hasil penerapan standar,Game Programmer
J.62GIM00.044.1,Mengimplementasikan User Interface,Menyiapkan aset UI,Game Programmer
J.62GIM00.045.1,Mengintegrasikan Backend Service,Menghubungkan game ke server,Game Programmer
J.62GIM00.046.2,Melakukan Proses Game Debugging,Mengidentifikasi bug,Game Programmer
J.62GIM00.047.2,Mengimplementasikan Optimasi Kinerja Game,Melakukan profiling kinerja,Game Programmer
J.62GIM00.048.1,Menganalisis Kualitas Teknis Game,Melakukan pengujian teknis,Quality Assurance
J.62GIM00.049.1,Menganalisis Risiko Teknis Game,Mengidentifikasi potensi risiko teknis,Technical Lead
J.62GIM00.050.1,Melakukan Pembaharuan Video Game,Menyiapkan konten pembaruan,LiveOps/DevOps
J.62GIM00.051.2,Melakukan Analisis Pasar (Market Research),Mengidentifikasi tren pasar,Product Manager
J.62GIM00.052.2,Membuat Perencanaan Bisnis,Menyusun model bisnis,Product Manager
J.62GIM00.054.2,Menuliskan Spesifikasi atau User Story,Mendetailkan fitur game,Product Manager
J.62GIM00.059.2,Melakukan Analisis Data Performa Bisnis,Menganalisis data metrik,Product Manager
J.62GIM00.060.2,Mengarahkan Visi dan Identitas Game,Menyusun visi dan identitas,Game Director
J.62GIM00.021.2,Membuat Konsep Seni (Concept Art),Menentukan komponen konsep seni,Game Artist
J.62GIM00.022.2,Membuat Aset Visual 2D,Mempersiapkan pembuatan aset 2D,Game Artist
J.62GIM00.023.2,Membuat Model Objek 3D,Membangun geometri objek 3D,Game Artist
J.62GIM00.024.2,Membuat Tekstur Objek 3D,Melakukan pemetaan UV (Unwrap),Game Artist
J.62GIM00.025.2,Membuat Sistem Tulang (Rigging),Menentukan struktur tulang,Game Artist
J.62GIM00.026.2,Membuat Animasi Objek,Menggerakkan objek/karakter,Game Artist
J.62GIM00.027.2,Membuat Efek Visual (VFX),Merancang sistem partikel,Game Artist
J.62GIM00.028.2,Membuat Desain Antarmuka (UI),Merancang tata letak UI,Game Artist
J.62GIM00.029.2,Membuat Level Environment,Menyusun komposisi level,Game Artist
J.62GIM00.030.2,Membuat Desain Audio Game,Memproduksi aset suara,Game Artist
J.62GIM00.034.2,Melakukan Integrasi Animasi,Mengatur Animation State Machine,Programmer
J.62GIM00.035.2,Melakukan Integrasi Audio,Mengimplementasikan audio engine,Programmer
J.62GIM00.036.2,Melakukan Integrasi UI,Membangun fungsionalitas menu,Programmer
J.62GIM00.038.2,Mengimplementasikan AI,Membangun perilaku NPC,Programmer
J.62GIM00.039.2,Mengimplementasikan Multiplayer,Membangun sinkronisasi data,Programmer
J.62GIM00.040.2,Mengimplementasikan Monetisasi,Integrasi layanan IAP,Programmer
J.62GIM00.042.1,Membuat Struktur Data,Memilih tipe data yang efisien,Programmer
J.62GIM00.043.1,Menerapkan Mekanika Game,Membangun sistem interaksi,Programmer
J.62GIM00.046.2,Melakukan Debugging,Mengidentifikasi kesalahan kode,Programmer
J.62GIM00.047.2,Mengimplementasikan Optimasi,Melakukan profiling kinerja,Programmer
J.62GIM00.002.2,Membuat Mekanika Game,Menentukan aturan permainan,Game Designer
J.62GIM00.003.2,Membuat Desain Level,Merancang alur permainan,Game Designer
J.62GIM00.004.2,Membuat Sistem Ekonomi Game,Merancang struktur ekonomi,Game Designer
J.62GIM00.055.1,Membuat Rencana Pengujian,Menyusun strategi QA,QA Tester
J.62GIM00.056.1,Melakukan Pengujian Fungsional,Mengeksekusi test case,QA Tester
J.62GIM00.053.1,Mengelola Jadwal Produksi,Membuat timeline proyek,Project Manager
J.62GIM00.058.1,Mengelola Tim Pengembang,Melakukan koordinasi tim,Project Manager
J.62GIM00.054.2,Menuliskan Spesifikasi,Membuat User Story,Product Manager
J.62GIM00.049.1,Menganalisis Risiko Teknis,Pemetaan potensi kendala,Technical Lead
J.62GIM00.061.1,Mengelola Komunitas,Membangun keterlibatan pemain,Community Manager
H.52LOG00.001.2,Menyusun Rencana Operasional Logistik,Mengidentifikasi kebutuhan operasional logistik,Operasional Logistik
H.52LOG00.001.2,Menyusun Rencana Operasional Logistik,Menetapkan jadwal operasional,Operasional Logistik
H.52LOG00.002.2,Melaksanakan Penerimaan Barang,Menyiapkan dokumen penerimaan,Gudang (Warehouse)
H.52LOG00.002.2,Melaksanakan Penerimaan Barang,Melakukan verifikasi fisik barang,Gudang (Warehouse)
H.52LOG00.003.2,Melaksanakan Penyimpanan Barang,Menentukan lokasi penyimpanan,Gudang (Warehouse)
H.52LOG00.004.2,Melaksanakan Administrasi Pergudangan,Melakukan pencatatan data barang,Gudang (Warehouse)
H.52LOG00.005.2,Melakukan Stok Opname,Menyiapkan pelaksanaan stok opname,Gudang (Warehouse)
H.52LOG00.005.2,Melakukan Stok Opname,Mencocokkan saldo fisik dengan saldo buku,Gudang (Warehouse)
H.52LOG00.006.2,Melaksanakan Pengiriman Barang,Menyiapkan barang untuk dikirim,Pengiriman (Shipping)
H.52LOG00.007.2,Mengelola Transportasi Logistik,Memilih moda transportasi,Pengiriman (Shipping)
H.52LOG00.008.2,Melakukan Pembelian Barang/Jasa,Menentukan spesifikasi kebutuhan,Pengadaan (Procurement)
H.52LOG00.008.2,Melakukan Pembelian Barang/Jasa,Melaksanakan proses pembelian,Pengadaan (Procurement)
H.52LOG00.012.2,Mengelola Biaya Logistik,Memantau pengeluaran biaya,Manajemen Logistik
H.52LOG00.015.2,Mengelola Hubungan dengan Pelanggan,Menangani keluhan pelanggan,Manajemen Logistik
H.52LOG00.018.2,Menentukan Tingkat Persediaan,Menghitung parameter stok,Inventory Control
H.52LOG00.020.2,Menerapkan K3 di Lingkungan Kerja,Mengidentifikasi potensi bahaya,K3 Logistik
H.52LOG00.022.2,Mengelola Pusat Distribusi,Mengoptimalkan alur barang,Distribusi
H.52LOG00.025.2,Mengurus Dokumen Ekspor-Impor,Menyiapkan dokumen pabean,Ekspor Impor
H.52LOG00.028.2,Mengoperasikan Sistem Informasi Logistik,Memasukkan data ke dalam aplikasi,Teknologi Logistik
H.52LOG00.030.2,Melakukan Kolaborasi Rantai Pasok,Membangun kemitraan dengan pemasok,Manajemen Rantai Pasok
H.52LOG00.018.2,Menentukan Tingkat Persediaan,Menganalisis kebutuhan persediaan,Inventory Control
H.52LOG00.018.2,Menentukan Tingkat Persediaan,Menghitung parameter stok optimal,Inventory Control
H.52LOG00.004.2,Melaksanakan Administrasi Pergudangan,Memproses dokumen pengeluaran barang,Admin Logistik
H.52LOG00.022.2,Mengelola Pusat Distribusi,Merencanakan tata letak gudang,Warehouse Supervisor
H.52LOG00.022.2,Mengelola Pusat Distribusi,Mengawasi produktivitas kerja,Warehouse Supervisor
H.52LOG00.031.2,Melakukan Analisis Rantai Pasok,Mengidentifikasi aliran nilai (Value Stream),Logistik Spesialis
H.52LOG00.031.2,Melakukan Analisis Rantai Pasok,Memberikan rekomendasi perbaikan,Logistik Spesialis
H.52LOG00.009.2,Melakukan Evaluasi Kinerja Pemasok,Menentukan kriteria evaluasi,Purchasing Officer
H.52LOG00.009.2,Melakukan Evaluasi Kinerja Pemasok,Menyusun laporan hasil evaluasi,Purchasing Officer
H.52LOG00.019.2,Menangani Barang Berbahaya (B3),Mengidentifikasi jenis barang B3,Operator Logistik
H.52LOG00.019.2,Menangani Barang Berbahaya (B3),Melakukan penyimpanan barang B3,Operator Logistik
H.52LOG00.040.2,Menyusun Kebijakan Manajemen Rantai Pasok,Menetapkan visi dan misi logistik,Logistik Manager
H.52LOG00.040.2,Menyusun Kebijakan Manajemen Rantai Pasok,Mensosialisasikan kebijakan,Logistik Manager
H.52LOG00.041.2,Mengelola Perencanaan Permintaan,Mengumpulkan data permintaan,Planner Logistik
H.52LOG00.041.2,Mengelola Perencanaan Permintaan,Membuat proyeksi permintaan (Forecast),Planner Logistik
H.52LOG00.007.2,Mengelola Transportasi Logistik,Melakukan penjadwalan armada,Dispatcher
H.52LOG00.007.2,Mengelola Transportasi Logistik,Melakukan pemantauan perjalanan,Dispatcher
H.52LOG00.011.2,Melaksanakan Penyerahan Barang kepada Pelanggan,Melakukan konfirmasi kedatangan,Kurir/Driver
H.52LOG00.011.2,Melaksanakan Penyerahan Barang kepada Pelanggan,Menyelesaikan administrasi penyerahan,Kurir/Driver
H.52LOG00.035.2,Mengelola Pengembalian Barang (Reverse Logistics),Memproses otorisasi pengembalian,Analyst Logistik
H.52LOG00.035.2,Mengelola Pengembalian Barang (Reverse Logistics),Menentukan disposisi barang retur,Analyst Logistik
H.52LOG00.021.2,Melakukan Pengemasan (Packing),Menyiapkan material pengemas,Operasional Logistik
H.52LOG00.021.2,Melakukan Pengemasan (Packing),Melaksanakan proses pengemasan,Operasional Logistik
H.52LOG00.026.2,Mengelola Pengiriman Barang Internasional,Menentukan rute internasional,Freight Forwarder
H.52LOG00.026.2,Mengelola Pengiriman Barang Internasional,Mengurus asuransi pengiriman,Freight Forwarder
M.741000.001.02,Mengaplikasikan Prinsip Dasar Desain,Menentukan sumber informasi pendukung desain,Desainer Grafis
M.741000.001.02,Mengaplikasikan Prinsip Dasar Desain,Menerapkan prinsip dasar desain,Desainer Grafis
M.741000.002.03,Mengoperasikan Perangkat Lunak Desain,Mempersiapkan perangkat lunak desain,Desainer Grafis
M.741000.002.03,Mengoperasikan Perangkat Lunak Desain,Membuat dokumen desain,Desainer Grafis
M.741000.005.02,Menyusun Background/Latar Belakang,Melakukan riset latar belakang,Desainer Grafis
M.741000.005.02,Menyusun Background/Latar Belakang,Merumuskan strategi desain,Desainer Grafis
M.741000.006.01,Melaksanakan Penulisan Kreatif (Copywriting),Menciptakan ide penulisan,Desainer Grafis
M.741000.006.01,Melaksanakan Penulisan Kreatif (Copywriting),Membuat draf tulisan,Desainer Grafis
M.741000.007.01,Melaksanakan Penulisan Teknis (Scriptwriting),Menyusun struktur skrip,Desainer Grafis
M.741000.008.02,Menetapkan Strategi Desain,Menetapkan kriteria desain,Desainer Grafis
M.741000.009.02,Mengarahkan Tim Kreatif,Memberikan arahan kreatif,Art Director
M.741000.009.02,Mengarahkan Tim Kreatif,Mengevaluasi hasil kerja tim,Art Director
M.741000.010.01,Mengelola Proyek Desain,Melakukan perencanaan proyek,Project Manager
M.741000.010.01,Mengelola Proyek Desain,Mengawasi jalannya proyek,Project Manager
M.741000.011.01,Menetapkan Konsep Desain,Mengembangkan ide visual,Senior Desainer
M.741000.011.01,Menetapkan Konsep Desain,Memilih konsep terbaik,Senior Desainer
M.741000.012.01,Membuat Purwarupa (Prototyping),Menyiapkan elemen purwarupa,Desainer Grafis
M.741000.012.01,Membuat Purwarupa (Prototyping),Menyusun model purwarupa,Desainer Grafis
M.741000.013.01,Mempresentasikan Karya Desain,Menyiapkan materi presentasi,Desainer Grafis
M.741000.013.01,Mempresentasikan Karya Desain,Melakukan sesi presentasi,Desainer Grafis
J.62DDS00.001.1,Menentukan Objek Data,Mengidentifikasi sumber data,Data Scientist
J.62DDS00.001.1,Menentukan Objek Data,Menelaah karakteristik data,Data Scientist
J.62DDS00.002.1,Memilih Sumber Data,Mengevaluasi kualitas sumber data,Data Scientist
J.62DDS00.002.1,Memilih Sumber Data,Menetapkan sumber data terpilih,Data Scientist
J.62DDS00.003.1,Mengumpulkan Data,Melaksanakan akuisisi data,Data Scientist
J.62DDS00.003.1,Mengumpulkan Data,Mendokumentasikan proses koleksi,Data Scientist
J.62DDS00.004.1,Menelaah Data,Melakukan inspeksi data,Data Scientist
J.62DDS00.004.1,Menelaah Data,Memvalidasi kualitas data,Data Scientist
J.62DDS00.005.1,Membersihkan Data,Menangani data yang tidak lengkap,Data Scientist
J.62DDS00.005.1,Membersihkan Data,Menormalisasi format data,Data Scientist
J.62DDS00.006.1,Mengonstruksi Data,Melakukan transformasi data,Data Scientist
J.62DDS00.006.1,Mengonstruksi Data,Menyiapkan dataset final,Data Scientist
J.62DDS00.007.1,Membangun Model,Memilih algoritma pemodelan,Data Scientist
J.62DDS00.007.1,Membangun Model,Melatih model data,Data Scientist
J.62DDS00.008.1,Mengevaluasi Hasil Pemodelan,Mengukur performa model,Data Scientist
J.62DDS00.008.1,Mengevaluasi Hasil Pemodelan,Melakukan validasi model,Data Scientist
J.62DDS00.009.1,Mengomunikasikan Hasil,Membuat visualisasi data,Data Scientist
J.62DDS00.009.1,Mengomunikasikan Hasil,Menyampaikan temuan kepada stakeholder,Data Scientist
J.62DDS00.010.1,Membuat Laporan Akhir,Menyusun dokumentasi teknis,Data Scientist
J.62DDS00.010.1,Membuat Laporan Akhir,Memfinalisasi laporan proyek,Data Scientist
M.70DAN00.001.1,Mengidentifikasi Masalah Bisnis,Menentukan kebutuhan bisnis,Data Analyst
M.70DAN00.001.1,Mengidentifikasi Masalah Bisnis,Menentukan ruang lingkup analisis,Data Analyst
M.70DAN00.002.1,Menentukan Kebutuhan Data,Mengidentifikasi sumber data,Data Analyst
M.70DAN00.002.1,Menentukan Kebutuhan Data,Menyusun spesifikasi data,Data Analyst
M.70DAN00.003.1,Mengumpulkan Data,Melakukan akuisisi data,Data Analyst
M.70DAN00.004.1,Menelaah Data,Melakukan eksplorasi data,Data Analyst
M.70DAN00.005.1,Membersihkan Data,Menangani kesalahan data,Data Analyst
M.70DAN00.006.1,Mengonstruksi Data,Melakukan transformasi data,Data Analyst
M.70DAN00.007.1,Menganalisis Data Menggunakan Statistik,Menerapkan metode statistik,Data Analyst
M.70DAN00.008.1,Menganalisis Data Menggunakan Alat Pemodelan,Membangun model analitik,Data Analyst
M.70DAN00.009.1,Mengevaluasi Hasil Analisis,Melakukan validasi hasil,Data Analyst
M.70DAN00.010.1,Melakukan Visualisasi Data,Merancang visualisasi,Data Analyst
M.70DAN00.010.1,Melakukan Visualisasi Data,Mengomunikasikan insight,Data Analyst
M.70DAN00.011.1,Membuat Laporan Hasil Analisis,Menyusun draf laporan,Data Analyst
M.70DAN00.012.1,Mengelola Keamanan dan Privasi Data,Menerapkan proteksi data,Data Analyst
M.70DAN00.013.1,Melakukan Penjaminan Kualitas Analisis,Memeriksa proses analisis,Data Analyst
M.70DAN00.014.1,Memberikan Dukungan Pengambilan Keputusan,Menyajikan opsi keputusan,Data Analyst
M.70DAN00.008.1,Menganalisis Data Menggunakan Alat Pemodelan,Mengoptimasi model,Data Analyst
M.70DAN00.005.1,Membersihkan Data,Mendokumentasikan pembersihan,Data Analyst
M.70DAN00.009.1,Mengevaluasi Hasil Analisis,Menelaah dampak bisnis,Data Analyst
J.620900.001.03,Menyusun Rancangan Pengamanan Informasi,Menentukan parameter keamanan,Security Analyst
J.620900.001.03,Menyusun Rancangan Pengamanan Informasi,Merancang arsitektur keamanan,Security Analyst
J.620900.002.03,Mengoperasikan Piranti Lunak Keamanan,Menyiapkan instalasi piranti lunak,Security Engineer
J.620900.002.03,Mengoperasikan Piranti Lunak Keamanan,Melakukan konfigurasi piranti lunak,Security Engineer
J.620900.004.03,Melakukan Pengaturan Akses Keamanan,Menetapkan kebijakan akses,System Administrator
J.620900.004.03,Melakukan Pengaturan Akses Keamanan,Mengelola akun pengguna,System Administrator
J.620900.008.03,Menangani Insiden Keamanan,Melakukan deteksi dini insiden,Incident Responder
J.620900.008.03,Menangani Insiden Keamanan,Melakukan tindakan respons,Incident Responder
J.620900.009.03,Melakukan Pemindaian Kerentanan,Merencanakan pemindaian,Vulnerability Researcher
J.620900.009.03,Melakukan Pemindaian Kerentanan,Menganalisis hasil pemindaian,Vulnerability Researcher
J.620900.012.03,Melakukan Audit Keamanan Informasi Internal,Menyiapkan instrumen audit,Security Auditor
J.620900.012.03,Melakukan Audit Keamanan Informasi Internal,Melaksanakan verifikasi kepatuhan,Security Auditor
J.620900.015.02,Melakukan Akuisisi Data Digital,Mengamankan barang bukti,Forensic Analyst
J.620900.015.02,Melakukan Akuisisi Data Digital,Melakukan penggandaan bit-per-bit,Forensic Analyst
J.620900.019.02,Memberikan Sosialisasi Keamanan,Menyusun materi kesadaran keamanan,Security Officer
J.620900.019.02,Memberikan Sosialisasi Keamanan,Mengevaluasi efektivitas sosialisasi,Security Officer
J.620900.021.02,Melakukan Analisis Risiko Keamanan,Mengidentifikasi ancaman dan dampak,Risk Manager
J.620900.021.02,Melakukan Analisis Risiko Keamanan,Menentukan opsi mitigasi risiko,Risk Manager
J.620900.023.01,Melakukan Konfigurasi Tembok Api (Firewall),Menentukan aturan lalu lintas data,Network Security
J.620900.023.01,Melakukan Konfigurasi Tembok Api (Firewall),Memantau kinerja firewall,Network Security
J.620900.021.01,Melakukan Konfigurasi Sistem Deteksi Intrusi (Intrusion Detection System),Menyiapkan komponen sistem deteksi,Security Engineer
J.620900.021.01,Melakukan Konfigurasi Sistem Deteksi Intrusi (Intrusion Detection System),Mengelola aturan (signature) deteksi,Security Engineer
J.620900.022.01,Melakukan Pengujian Keamanan Jaringan (Network Security Testing),Melakukan persiapan pengujian,Cyber Security Specialist
J.620900.022.01,Melakukan Pengujian Keamanan Jaringan (Network Security Testing),Mengeksekusi pengujian dan pelaporan,Cyber Security Specialist
M.70MKT00.001.1,Melaksanakan Penjualan Produk,Mempersiapkan proses penjualan,Sales Operation
M.70MKT00.001.1,Melaksanakan Penjualan Produk,Melakukan aktivitas penjualan,Sales Operation
M.70MKT00.002.1,Menangani Keberatan Pelanggan,Mengidentifikasi keberatan pelanggan,Sales Operation
M.70MKT00.002.1,Menangani Keberatan Pelanggan,Memberikan solusi atas keberatan,Sales Operation
M.70MKT00.005.1,Melakukan Riset Pemasaran,Menentukan desain riset,Market Research
M.70MKT00.005.1,Melakukan Riset Pemasaran,Melaksanakan pengolahan data riset,Market Research
M.70MKT00.007.1,Mengelola Ekuitas Merek,Memantau performa merek,Brand Management
M.70MKT00.007.1,Mengelola Ekuitas Merek,Melakukan penguatan ekuitas merek,Brand Management
M.70MKT00.009.1,Melakukan Pemasaran Digital,Merencanakan konten digital,Digital Marketing
M.70MKT00.009.1,Melakukan Pemasaran Digital,Mengevaluasi kampanye digital,Digital Marketing
M.70MKT00.012.1,Memberikan Layanan Prima,Membangun hubungan dengan pelanggan,Customer Service
M.70MKT00.012.1,Memberikan Layanan Prima,Mengukur kepuasan pelanggan,Customer Service
M.70MKT00.015.1,Mengembangkan Produk Baru,Menemukan ide produk,Product Development
M.70MKT00.015.1,Mengembangkan Produk Baru,Melakukan uji coba pasar,Product Development
M.70MKT00.018.1,Mengelola Tenaga Penjual,Merancang struktur organisasi penjualan,Sales Management
M.70MKT00.018.1,Mengelola Tenaga Penjual,Melakukan pembinaan tenaga penjual,Sales Management
M.70MKT00.021.1,Menyusun Rencana Pemasaran,Menganalisis situasi pasar,Strategic Marketing
M.70MKT00.021.1,Menyusun Rencana Pemasaran,Menentukan strategi pemasaran,Strategic Marketing
M.70MKT00.025.1,Menetapkan Harga Jual,Menganalisis biaya dan harga pesaing,Pricing Management
M.70MKT00.025.1,Menetapkan Harga Jual,Menentukan metode penetapan harga,Pricing Management
M.70MKT00.026.1,Mengelola Saluran Distribusi,Menentukan jenis saluran distribusi,Trade Marketing
M.70MKT00.026.1,Mengelola Saluran Distribusi,Mengevaluasi kinerja anggota saluran,Trade Marketing
M.70MKT00.027.1,Mengelola Komunikasi Pemasaran Terpadu,Merumuskan bauran promosi,Marketing Comm.
M.70MKT00.027.1,Mengelola Komunikasi Pemasaran Terpadu,Mengukur efektivitas komunikasi,Marketing Comm.
M.70MKT00.028.1,Mengelola Manajemen Hubungan Pelanggan (CRM),Membangun database pelanggan,CRM Specialist
M.70MKT00.028.1,Mengelola Manajemen Hubungan Pelanggan (CRM),Menjalankan program retensi,CRM Specialist
M.70MKT00.029.1,Mengelola Aktivitas Promosi Penjualan,Merancang mekanisme promosi,Events & Promo
M.70MKT00.029.1,Mengelola Aktivitas Promosi Penjualan,Mengawasi pelaksanaan promosi,Events & Promo
M.70MKT00.030.1,Melakukan Analisis Penjualan,Mengolah data penjualan harian,Sales Analyst
M.70MKT00.030.1,Melakukan Analisis Penjualan,Memberikan rekomendasi peningkatan,Sales Analyst
M.70MKT00.031.1,Melakukan Analisis Peluang Bisnis Baru,Mencari potensi pasar baru,Business Dev.
M.70MKT00.032.1,Menyusun Strategi Kemitraan Bisnis,Menentukan mitra strategis,Business Dev.
K.64SPP01.001.1,Melaksanakan Penyelenggaraan Transfer Dana,Melakukan persiapan transaksi transfer dana,Penyelenggara Transfer Dana
K.64SPP01.001.1,Melaksanakan Penyelenggaraan Transfer Dana,Memproses perintah transfer dana,Penyelenggara Transfer Dana
K.64SPP02.003.1,Melakukan Penanganan Uang Rupiah,Mengidentifikasi keaslian uang Rupiah,Kasir/Teller
K.64SPP02.003.1,Melakukan Penanganan Uang Rupiah,Melakukan penghitungan uang Rupiah,Kasir/Teller
K.64SPP03.005.1,Melakukan Audit Operasional Sistem Pembayaran,Menyiapkan rencana audit,Audit Internal
K.64SPP03.005.1,Melakukan Audit Operasional Sistem Pembayaran,Melaksanakan prosedur audit,Audit Internal
K.64SPP04.002.1,Menerapkan Program APU dan PPT,Mengidentifikasi profil nasabah,Compliance Officer
K.64SPP04.002.1,Menerapkan Program APU dan PPT,Memantau transaksi keuangan mencurigakan,Compliance Officer
K.64SPP01.008.1,Melaksanakan Pertukaran Data Kliring,Menyiapkan data kliring,Operasional Kliring
K.64SPP01.008.1,Melaksanakan Pertukaran Data Kliring,Menyelesaikan proses kliring,Operasional Kliring
K.64SPP02.010.1,Melaksanakan Pengiriman Uang Tunai,Menyiapkan armada dan personel pengiriman,Pengelola Kas (Cash in Transit)
K.64SPP02.010.1,Melaksanakan Pengiriman Uang Tunai,Melakukan serah terima uang di lokasi tujuan,Pengelola Kas (Cash in Transit)
K.64SPP03.012.1,Melakukan Manajemen Risiko Operasional,Mengidentifikasi kejadian risiko operasional,Risk Management
K.64SPP03.012.1,Melakukan Manajemen Risiko Operasional,Melakukan pemantauan risiko,Risk Management
K.64SPP01.015.1,Mengelola Infrastruktur Sistem Pembayaran,Melakukan pemeliharaan sistem,IT Support Keuangan
K.64SPP01.015.1,Mengelola Infrastruktur Sistem Pembayaran,Menangani gangguan sistem (Troubleshooting),IT Support Keuangan
K.64SPP01.020.1,Melakukan Setelmen Transaksi,Melakukan rekonsiliasi data transaksi,Settlement Officer
K.64SPP01.020.1,Melakukan Setelmen Transaksi,Melaksanakan penyelesaian akhir,Settlement Officer
K.64SPP01.025.1,Mengelola Likuiditas Harian,Memantau posisi saldo kas,Treasury Operations
K.64SPP01.025.1,Mengelola Likuiditas Harian,Melakukan penempatan kelebihan dana,Treasury Operations
K.64SPP01.031.1,Melaksanakan Monitoring Sistem Pembayaran,Melakukan pemantauan transaksi berjalan,Operasional Sistem
K.64SPP01.031.1,Melaksanakan Monitoring Sistem Pembayaran,Melaporkan hasil pemantauan,Operasional Sistem
K.64SPP01.033.1,Melakukan Penanganan Pengaduan Konsumen,Menerima pengaduan konsumen,Layanan Pelanggan
K.64SPP01.033.1,Melakukan Penanganan Pengaduan Konsumen,Menyelesaikan pengaduan konsumen,Layanan Pelanggan
K.64SPP02.015.1,Melakukan Pemrosesan Uang Rupiah,Melakukan penyortiran uang Rupiah,Pengelolaan Uang
K.64SPP02.015.1,Melakukan Pemrosesan Uang Rupiah,Mengemas uang hasil sortiran,Pengelolaan Uang
K.64SPP03.018.1,Melakukan Audit Keamanan Informasi Sistem Pembayaran,Memeriksa akses log sistem,Audit Teknologi
K.64SPP03.018.1,Melakukan Audit Keamanan Informasi Sistem Pembayaran,Melakukan evaluasi kontrol enkripsi,Audit Teknologi
K.64SPP04.005.1,Melakukan Deteksi Fraud pada Transaksi Elektronik,Menganalisis pola transaksi mencurigakan,Anti Fraud Officer
K.64SPP04.005.1,Melakukan Deteksi Fraud pada Transaksi Elektronik,Menindaklanjuti indikasi fraud,Anti Fraud Officer
K.64SPP01.040.1,Mengelola Alat Pembayaran Menggunakan Kartu (APMK),Memproses penerbitan kartu baru,Operasional Kartu
K.64SPP01.040.1,Mengelola Alat Pembayaran Menggunakan Kartu (APMK),Menangani penggantian kartu,Operasional Kartu
K.64SPP03.022.1,Melakukan Manajemen Risiko Likuiditas,Menghitung rasio likuiditas,Risk Analyst
K.64SPP03.022.1,Melakukan Manajemen Risiko Likuiditas,Menyiapkan rencana pendanaan darurat,Risk Analyst
K.64SPP04.010.1,Menelaah Kepatuhan Regulasi Sistem Pembayaran,Melakukan pemantauan regulasi baru,Legal/Compliance
K.64SPP04.010.1,Menelaah Kepatuhan Regulasi Sistem Pembayaran,Memberikan opini kepatuhan,Legal/Compliance
K.64SPP02.022.1,Melakukan Pengisian Kas Mesin ATM/CRM,Menyiapkan kaset uang,Kasir ATM/CRM
K.64SPP02.022.1,Melakukan Pengisian Kas Mesin ATM/CRM,Melakukan rekonsiliasi sisa kas mesin,Kasir ATM/CRM
K.64SPP01.050.1,Mengembangkan Produk Layanan Pembayaran Digital,Melakukan analisis kebutuhan pasar,Business Analyst
K.64SPP01.050.1,Mengembangkan Produk Layanan Pembayaran Digital,Merancang model bisnis layanan,Business Analyst
K.64SPP03.023.1,Melakukan Manajemen Risiko Kredit,Mengidentifikasi eksposur risiko kredit,Risk Analyst
K.64SPP03.023.1,Melakukan Manajemen Risiko Kredit,Menetapkan limit risiko kredit,Risk Analyst
K.64SPP03.025.1,Mengelola Rencana Kelangsungan Bisnis,Menyusun strategi pemulihan,Business Continuity
K.64SPP03.025.1,Mengelola Rencana Kelangsungan Bisnis,Menguji coba rencana kelangsungan bisnis,Business Continuity
K.64SPP01.062.1,Mengelola Transaksi Pembayaran Berbasis QR Code,Melakukan on-boarding merchant,Penyelenggara QRIS
K.64SPP01.062.1,Mengelola Transaksi Pembayaran Berbasis QR Code,Melakukan rekonsiliasi transaksi QR,Penyelenggara QRIS
K.64SPP01.018.1,Mengelola Keamanan Infrastruktur SP,Menerapkan kontrol akses fisik dan logik,IT Security
K.64SPP01.018.1,Mengelola Keamanan Infrastruktur SP,Melakukan pemantauan serangan siber,IT Security
K.64SPP01.070.1,Menerapkan Prinsip Syariah pada Sistem Pembayaran,Memastikan kepatuhan syariah pada produk,Layanan Syariah
K.64SPP01.070.1,Menerapkan Prinsip Syariah pada Sistem Pembayaran,Melakukan review aspek syariah berkala,Layanan Syariah
K.64SPP01.035.1,Memberikan Layanan Edukasi Konsumen,Menyusun materi literasi keuangan,Customer Support
K.64SPP01.035.1,Memberikan Layanan Edukasi Konsumen,Melaksanakan kegiatan sosialisasi,Customer Support
K.64SPP01.080.1,Mengelola Data Transaksi Sistem Pembayaran,Melakukan pengolahan data statistik transaksi,Data Analyst
K.64SPP01.080.1,Mengelola Data Transaksi Sistem Pembayaran,Menyusun laporan manajerial,Data Analyst
K.64SPP02.025.1,Mengelola Penyimpanan Uang Tunai di Khazanah,Melakukan penataan uang di dalam khazanah,Vault Officer
K.64SPP02.025.1,Mengelola Penyimpanan Uang Tunai di Khazanah,Menjaga keamanan ruang khazanah,Vault Officer
K.64SPP02.030.1,Mengelola Distribusi Uang Rupiah,Merencanakan jadwal distribusi,Logistik Uang
K.64SPP02.030.1,Mengelola Distribusi Uang Rupiah,Melaksanakan proses loading/unloading,Logistik Uang
K.64SPP04.015.1,Menyusun Perjanjian Kerja Sama (PKS),Merancang klausul perjanjian,Legal Officer
K.64SPP04.015.1,Menyusun Perjanjian Kerja Sama (PKS),Melakukan negosiasi kontrak,Legal Officer
K.64SPP01.085.1,Mengelola Operasional Uang Elektronik,Memantau saldo mengendap (Floating Fund),E-Wallet Admin
K.64SPP01.085.1,Mengelola Operasional Uang Elektronik,Menangani pengembalian dana (Refund),E-Wallet Admin
K.64SPP01.090.1,Melakukan Layanan Kiriman Uang Luar Negeri,Melakukan pengecekan sanksi internasional,Remittance Clerk
K.64SPP01.090.1,Melakukan Layanan Kiriman Uang Luar Negeri,Menginformasikan biaya koresponden,Remittance Clerk
K.64SPP03.030.1,Melakukan Audit Kepatuhan Anti Pencucian Uang,Mengevaluasi sistem scoring risiko nasabah,Internal Auditor
K.64SPP03.030.1,Melakukan Audit Kepatuhan Anti Pencucian Uang,Meninjau laporan ke PPATK,Internal Auditor
K.64SPP01.095.1,Mengelola Jaringan Komunikasi Data Keuangan,Konfigurasi jalur komunikasi tertutup (VPN),Network Admin
K.64SPP01.095.1,Mengelola Jaringan Komunikasi Data Keuangan,Mengelola redundancy link,Network Admin
K.64SPP01.100.1,Melakukan Pembayaran Pajak Transaksi,Menghitung pajak atas biaya administrasi,Finance Officer
K.64SPP01.100.1,Melakukan Pembayaran Pajak Transaksi,Melaporkan setoran pajak,Finance Officer
K.64SPP01.042.1,Melaksanakan Kliring Berjadwal,Melakukan validasi pesan kliring,Penyelenggara Kliring
K.64SPP01.042.1,Melaksanakan Kliring Berjadwal,Menghasilkan laporan posisi kliring,Penyelenggara Kliring
K.64SPP01.045.1,Mengelola Penagihan Transaksi Gagal,Mengidentifikasi penyebab gagal setelmen,Officer Penagihan
K.64SPP01.045.1,Mengelola Penagihan Transaksi Gagal,Melakukan rekonsiliasi piutang,Officer Penagihan
K.64SPP02.040.1,Melakukan Pengawalan Uang Tunai,Melakukan pemeriksaan keamanan rute,Security Guard
K.64SPP02.040.1,Melakukan Pengawalan Uang Tunai,Melaksanakan prosedur tanggap darurat,Security Guard
K.64SPP02.045.1,Melakukan Kontrol Kualitas Uang Rupiah,Memeriksa spesifikasi uang baru,Quality Control
K.64SPP02.045.1,Melakukan Kontrol Kualitas Uang Rupiah,Mengelola uang hasil sortir mesin,Quality Control
K.64SPP01.055.1,Mengelola Layanan Merchant,Melakukan edukasi penggunaan mesin EDC,Merchant Relation
K.64SPP01.055.1,Mengelola Layanan Merchant,Memproses klaim chargeback merchant,Merchant Relation
K.64SPP01.060.1,Mengelola Konektivitas Antar Bank,Melakukan konfigurasi router jaringan,IT Network
K.64SPP01.060.1,Mengelola Konektivitas Antar Bank,Menangani masalah latensi tinggi,IT Network
K.64SPP03.040.1,Melakukan Analisis Strategi Bisnis SP,Melakukan benchmarking kompetitor,Business Strategist
K.64SPP03.040.1,Melakukan Analisis Strategi Bisnis SP,Menyusun proyeksi pertumbuhan bisnis,Business Strategist
K.64SPP01.065.1,Mengelola Penempatan Dana di Bank Sentral,Memonitor saldo Giro di Bank Indonesia,Treasury Officer
K.64SPP01.065.1,Mengelola Penempatan Dana di Bank Sentral,Melakukan transaksi pasar uang antar bank,Treasury Officer
K.64SPP02.050.1,Mengelola Inventori Perlengkapan Kas,Mengelola stok segel dan kantong uang,Logistik
K.64SPP02.050.1,Mengelola Inventori Perlengkapan Kas,Mendistribusikan perlengkapan ke cabang,Logistik
K.64SPP03.045.1,Melakukan Audit Risiko Reputasi,Mengidentifikasi pemberitaan negatif,Risk Auditor
K.64SPP03.045.1,Melakukan Audit Risiko Reputasi,Menyusun strategi mitigasi krisis,Risk Auditor
K.64SPP01.075.1,Mengelola Keamanan Kode Aplikasi SP,Melakukan pengujian penetrasi (Pen-Test),App Developer
K.64SPP01.075.1,Mengelola Keamanan Kode Aplikasi SP,Menerapkan enkripsi pada level aplikasi,App Developer
K.64SPP04.020.1,Mengelola Etika Bisnis Sistem Pembayaran,Menyusun panduan kode etik karyawan,Operational Manager
K.64SPP04.020.1,Mengelola Etika Bisnis Sistem Pembayaran,Melakukan pengawasan integritas,Operational Manager
K.64SPP01.082.1,Mengelola Antarmuka Layanan Pembayaran,Menganalisis kemudahan navigasi aplikasi,Customer Experience
K.64SPP01.082.1,Mengelola Antarmuka Layanan Pembayaran,Melakukan pembaruan desain layanan,Customer Experience
K.64SPP02.055.1,Melakukan Pemeliharaan Mesin Pengolah Uang,Melaksanakan perawatan rutin mesin,Asset Manager
K.64SPP02.055.1,Melakukan Pemeliharaan Mesin Pengolah Uang,Mengelola suku cadang mesin,Asset Manager
K.64SPP01.092.1,Melaporkan Data Transaksi ke Regulator,Memvalidasi data laporan berkala,Reporting Officer
K.64SPP01.092.1,Melaporkan Data Transaksi ke Regulator,Mengirimkan laporan via aplikasi regulator,Reporting Officer
M.71IEN00.001.1,Melaksanakan Praktik Keinsinyuran dengan Etika dan Profesionalisme,Mematuhi kode etik insinyur dan Mengelola tanggung jawab profesional.,Insinyur Elektro
M.71IEN00.002.1,Melakukan Komunikasi Teknis yang Efektif,Menyusun laporan teknis dan Melakukan presentasi teknis.,Insinyur Elektro
M.71IEN00.003.1,Menerapkan Prinsip K3LL di Tempat Kerja,Mengidentifikasi potensi bahaya dan Melaksanakan prosedur keselamatan kerja.,Insinyur Elektro
M.71IEN00.004.1,Melakukan Perencanaan Sistem Tenaga Listrik,Menganalisis kebutuhan beban dan Merancang konfigurasi jaringan.,Insinyur Elektro
M.71IEN00.005.1,Melakukan Desain Instalasi Listrik Industri,Menentukan spesifikasi peralatan dan Membuat gambar rancangan.,Insinyur Elektro
M.71IEN00.006.1,Menerapkan Sistem Kontrol dan Automasi,Merancang logika kontrol dan Mengintegrasikan komponen automasi.,Insinyur Elektro
M.71IEN00.007.1,Melakukan Analisis Aliran Daya dan Hubung Singkat,Melakukan pemodelan sistem dan Mengevaluasi hasil simulasi.,Insinyur Elektro
M.71IEN00.008.1,Merancang Sistem Proteksi Tenaga Listrik,Menentukan koordinasi proteksi dan Memilih gawai proteksi.,Insinyur Elektro
M.71IEN00.009.1,Melakukan Studi Kelayakan Proyek Elektro,Melakukan analisis teknis dan Melakukan analisis ekonomi.,Insinyur Elektro
M.71IEN00.010.1,Mengelola Manajemen Proyek Teknik Elektro,Menyusun jadwal pelaksanaan dan Melakukan pengawasan sumber daya.,Insinyur Elektro
M.71IEN00.011.1,Melakukan Pengadaan Barang dan Jasa Teknik,Menyusun dokumen tender dan Melakukan evaluasi penawaran.,Insinyur Elektro
M.71IEN00.012.1,Melaksanakan Supervisi Konstruksi Elektro,Memeriksa kesesuaian lapangan dan Menyetujui metode kerja.,Insinyur Elektro
M.71IEN00.013.1,Melakukan Testing dan Commissioning Sistem,Melakukan uji individu alat dan Melakukan uji fungsi sistem terintegrasi.,Insinyur Elektro
M.71IEN00.014.1,Mengelola Operasi Sistem Tenaga Listrik,Mengatur pembebanan dan Menjaga kualitas daya.,Insinyur Elektro
M.71IEN00.015.1,Melakukan Pemeliharaan Peralatan Listrik,Menyusun program pemeliharaan dan Menganalisis hasil pemeliharaan.,Insinyur Elektro
M.71IEN00.016.1,Melakukan Audit Energi,Mengukur penggunaan energi dan Memberikan rekomendasi efisiensi.,Insinyur Elektro
M.71IEN00.017.1,Menerapkan Standar dan Regulasi Ketenagalistrikan,Menelaah regulasi terbaru dan Memastikan kepatuhan desain.,Insinyur Elektro
M.71IEN00.018.1,Merancang Sistem Energi Terbarukan,Menganalisis potensi sumber energi dan Merancang sistem konversi energi.,Insinyur Elektro
M.71IEN00.019.1,Menggunakan Perangkat Lunak Teknik Elektro,Mengoperasikan software desain dan Mengelola data teknis digital.,Insinyur Elektro
M.71IEN00.020.1,Mengelola Rantai Pasok Keinsinyuran,Mengevaluasi rantai pasokan dan Mengelola hubungan vendor.,Insinyur Elektro
M.71IEN01.001.1,Melaksanakan Praktik Keinsinyuran dengan Etika dan Profesionalisme,Mematuhi kode etik insinyur profesional,Insinyur Teknik Industri
M.71IEN01.002.1,Melakukan Komunikasi Teknis yang Efektif,Menyusun laporan teknis keinsinyuran,Insinyur Teknik Industri
M.71IEN01.003.1,Menerapkan Prinsip K3LL di Tempat Kerja,Mengelola risiko keselamatan dan kesehatan kerja,Insinyur Teknik Industri
M.71IEN01.004.1,Melakukan Analisis dan Perancangan Sistem Kerja,Melakukan pengukuran kerja,Industrial Engineer
M.71IEN01.004.1,Melakukan Analisis dan Perancangan Sistem Kerja,Merancang tata letak fasilitas (Plant Layout),Industrial Engineer
M.71IEN01.005.1,Melakukan Perencanaan dan Pengendalian Produksi,Menyusun rencana produksi induk (Master Production Schedule),Industrial Engineer
M.71IEN01.006.1,Mengelola Manajemen Kualitas,Menerapkan pengendalian kualitas statistik,Industrial Engineer
M.71IEN01.006.1,Mengelola Manajemen Kualitas,Melakukan perbaikan berkelanjutan (Continuous Improvement),Industrial Engineer
M.71IEN01.007.1,Melakukan Analisis Ekonomi Teknik,Melakukan evaluasi kelayakan finansial,Industrial Engineer
M.71IEN01.008.1,Mengelola Rantai Pasok (Supply Chain),Mengoptimalkan manajemen inventori,Industrial Engineer
M.71IEN01.009.1,Merancang Sistem Informasi Industri,Mengidentifikasi kebutuhan sistem informasi,Industrial Engineer
M.71IEN01.010.1,Melakukan Pemodelan dan Simulasi Sistem,Membangun model simulasi sistem,Industrial Engineer
M.71IEN01.011.1,Mengelola Proyek Teknik Industri,Melakukan perencanaan jadwal proyek,Industrial Engineer
M.71IEN01.012.1,Menerapkan Manajemen Inovasi dan Teknologi,Melakukan penilaian teknologi,Insinyur Profesional
M.71IEN01.013.1,Melakukan Strategi Organisasi dan Bisnis,Menyusun analisis SWOT organisasi,Insinyur Profesional
M.71IEN01.014.1,Melakukan Perancangan Produk,Mengembangkan konsep produk baru,Industrial Engineer
M.71IEN01.015.1,Melakukan Pengelolaan Logistik,Mengelola sistem pergudangan,Industrial Engineer
M.71IEN01.016.1,Mengelola Fasilitas Industri,Merencanakan pemeliharaan fasilitas,Industrial Engineer
M.71IEN01.017.1,Melaksanakan Ergonomi di Lingkungan Kerja,Menilai beban kerja fisik dan mental,Industrial Engineer
M.71IEN01.018.1,Mengelola Sumber Daya Manusia Teknik,Melakukan penilaian kinerja tim teknis,Insinyur Teknik Industri
B.06SML00.001.1,Mengidentifikasi Aspek dan Dampak Lingkungan,Menentukan aspek lingkungan dan Mengevaluasi dampak lingkungan.,Env. Specialist
B.06SML00.002.1,Menentukan Kewajiban Penaatan Lingkungan,Mengidentifikasi peraturan dan Mengevaluasi kepatuhan.,Env. Specialist
B.06SML00.003.1,Menyusun Kebijakan Lingkungan,Merumuskan draf kebijakan dan Mengomunikasikan kebijakan.,Env. Specialist
B.06SML00.004.1,Menetapkan Sasaran dan Program Lingkungan,Menetapkan sasaran dan Menyusun rencana program.,Env. Planner
B.06SML00.005.1,Melaksanakan Pengendalian Operasional Lingkungan,"Menerapkan prosedur, Mengelola limbah/emisi dan Tanggap darurat.",Env. Officer
B.06SML00.006.1,Melaksanakan Audit Internal SML,"Merencanakan audit, Mengumpulkan bukti dan Melaporkan hasil.",Env. Auditor
B.06SML00.007.1,Melakukan Tinjauan Manajemen SML,"Menyiapkan input, Mengevaluasi sistem dan Menetapkan output.",Manager
K.64LKM00.001.1,Melaksanakan Budaya Kerja dan Etika Bisnis,Menerapkan budaya kerja organisasi,Operasional LKM
K.64LKM00.001.1,Melaksanakan Budaya Kerja dan Etika Bisnis,Melaksanakan etika bisnis,Operasional LKM
K.64LKM00.003.1,Melakukan Analisis Kelayakan Pinjaman atau Pembiayaan,Melakukan verifikasi data calon debitur,Analisis Pembiayaan
K.64LKM00.003.1,Melakukan Analisis Kelayakan Pinjaman atau Pembiayaan,"Menilai aspek 5C (Character, Capacity, Capital, Collateral, Condition)",Analisis Pembiayaan
K.64LKM00.005.1,Melakukan Transaksi Kas,Melakukan penerimaan kas,Kasir/Teller LKM
K.64LKM00.005.1,Melakukan Transaksi Kas,Melakukan pengeluaran kas,Kasir/Teller LKM
K.64LKM00.007.1,Melakukan Pemasaran Produk LKM,Mengidentifikasi potensi pasar,Pemasaran/AO
K.64LKM00.007.1,Melakukan Pemasaran Produk LKM,Melakukan sosialisasi dan edukasi produk,Pemasaran/AO
K.64LKM00.009.1,Melakukan Penagihan Pinjaman atau Pembiayaan,Melakukan pemantauan tunggakan,Kolektor
K.64LKM00.009.1,Melakukan Penagihan Pinjaman atau Pembiayaan,Melaksanakan kunjungan penagihan,Kolektor
K.64LKM00.012.1,Menyusun Rencana Kerja dan Anggaran,Menyusun target operasional tahunan,Manajer LKM
K.64LKM00.012.1,Menyusun Rencana Kerja dan Anggaran,Menetapkan indikator kinerja utama (KPI),Manajer LKM
K.64LKM00.015.1,Menerapkan Manajemen Risiko LKM,Mengidentifikasi risiko operasional,Kepatuhan
K.64LKM00.015.1,Menerapkan Manajemen Risiko LKM,Menentukan langkah mitigasi risiko,Kepatuhan
K.64LKM00.017.1,Menerapkan Program APU dan PPT,Melakukan Customer Due Diligence (CDD),Compliance Officer
K.64LKM00.017.1,Menerapkan Program APU dan PPT,Melaporkan transaksi mencurigakan,Compliance Officer
K.64LKM00.020.1,Menyusun Laporan Keuangan LKM,Melakukan pencatatan jurnal transaksi,Akuntansi
K.64LKM00.020.1,Menyusun Laporan Keuangan LKM,Menyusun neraca dan laporan laba rugi,Akuntansi
K.64LKM00.022.1,Melakukan Supervisi Operasional,Melakukan otorisasi transaksi,Penyelia LKM
K.64LKM00.022.1,Melakukan Supervisi Operasional,Mengevaluasi kinerja staf,Penyelia LKM
K.64LKM00.021.1,Melakukan Audit Kepatuhan,Menentukan ruang lingkup audit dan Melaksanakan prosedur audit.,Audit Internal
K.64LKM00.021.1,Melakukan Audit Kepatuhan,Menyusun laporan hasil audit.,Audit Internal
K.64LKM00.022.1,Menyusun Kebijakan dan Prosedur Intern,Mengidentifikasi kebutuhan kebijakan dan Membuat draf kebijakan/SOP.,Manajemen LKM
K.64LKM00.023.1,Mengelola Teknologi Informasi LKM,Memantau keamanan data dan Mengelola infrastruktur TI.,Sistem Informasi
K.64LKM00.024.1,Menerapkan Prinsip Tata Kelola yang Baik (GCG),Melaksanakan prinsip transparansi dan Menerapkan akuntabilitas.,Tata Kelola
K.64LKM00.025.1,Melakukan Identifikasi Peraturan Terkini,Memantau regulasi baru dan Menganalisis dampak regulasi.,Kepatuhan
K.64LKM00.026.1,Mengelola Pengembangan Kompetensi Pegawai,Menganalisis kebutuhan pelatihan dan Mengevaluasi hasil pengembangan.,SDM LKM
M.70KMP00.001.1,Melaksanakan Analisis Situasi Pasar,Mengidentifikasi kebutuhan pasar,Konsultan Pemasaran
M.70KMP00.001.1,Melaksanakan Analisis Situasi Pasar,Melakukan analisis kompetitor,Konsultan Pemasaran
M.70KMP00.002.1,Merumuskan Strategi Pemasaran,"Menetapkan segmentasi, targeting, dan positioning (STP)",Pakar Strategi
M.70KMP00.002.1,Merumuskan Strategi Pemasaran,Mengembangkan bauran pemasaran (Marketing Mix),Pakar Strategi
M.70KMP00.003.1,Mengelola Strategi Merek,Membangun ekuitas merek,Brand Analyst
M.70KMP00.003.1,Mengelola Strategi Merek,Melakukan audit merek secara berkala,Brand Analyst
M.70KMP00.004.1,Merencanakan Pengembangan Produk Baru,Melakukan penyaringan ide produk,Product Manager
M.70KMP00.004.1,Merencanakan Pengembangan Produk Baru,Melakukan uji pasar (Test Marketing),Product Manager
M.70KMP00.005.1,Mengelola Komunikasi Pemasaran Terpadu,Menyusun rencana media promosi,Marketing Communication
M.70KMP00.005.1,Mengelola Komunikasi Pemasaran Terpadu,Mengevaluasi efektivitas kampanye,Marketing Communication
M.70KMP00.008.1,Melaksanakan Pemasaran Digital,Mengelola aset platform digital,Digital Strategist
M.70KMP00.008.1,Melaksanakan Pemasaran Digital,Menganalisis metrik pemasaran digital,Digital Strategist
M.70KMP00.010.1,Mengelola Hubungan Pelanggan (CRM),Membangun database pelanggan,Customer Relation
M.70KMP00.010.1,Mengelola Hubungan Pelanggan (CRM),Melaksanakan program loyalitas,Customer Relation
M.70KMP00.012.1,Mengelola Manajemen Penjualan,Menetapkan target penjualan tim,Sales Manager
M.70KMP00.012.1,Mengelola Manajemen Penjualan,Melakukan pembinaan (Coaching) tim sales,Sales Manager
M.70KMP00.015.1,Mengelola Saluran Distribusi,Memilih mitra distribusi,Distribution Planner
M.70KMP00.015.1,Mengelola Saluran Distribusi,Memantau kinerja rantai distribusi,Distribution Planner
M.70KMP00.020.1,Melakukan Riset Pemasaran Primer,Merancang instrumen penelitian,Market Researcher
M.70KMP00.020.1,Melakukan Riset Pemasaran Primer,Mengolah dan menyajikan data riset,Market Researcher
M.70KMP00.021.1,Melaksanakan Komunikasi Pemasaran,Menyiapkan materi komunikasi pemasaran dan Melaksanakan kegiatan komunikasi.,Pemasaran
M.70KMP00.022.1,Memberikan Layanan Pelanggan,Mengidentifikasi kebutuhan pelanggan dan Menyediakan solusi layanan.,Layanan Pelanggan
M.70KMP00.023.1,Mengelola Konten Media Sosial,Merencanakan konten media sosial dan Mengunggah dan memantau konten.,Pemasaran Digital
M.70KMP00.024.1,Melakukan Presentasi Penjualan,Mempersiapkan bahan presentasi dan Melakukan teknik persuasi penjualan.,Operasional Sales
M.70KMP00.025.1,Melakukan Pemantauan Harga Pasar,Mengumpulkan data harga pesaing dan Menganalisis posisi harga.,Analis Pasar
M.70KMP00.026.1,Mengelola Program Promosi Penjualan,Merancang mekanisme promosi dan Mengevaluasi hasil promosi.,Promosi
M.70KMP00.027.1,Mengelola Administrasi Penjualan,Memproses pesanan pelanggan dan Mendokumentasikan data penjualan.,Sales Admin
M.70KMP00.028.1,Mempertahankan Klien Strategis,Melakukan kunjungan rutin kepada klien dan Mengidentifikasi peluang pengembangan bisnis.,Account Manager
M.70KMP00.029.1,Mengelola Iklan Berbayar Daring,Mengatur kampanye iklan dan Mengoptimasi kinerja iklan.,Pemasaran Digital
M.70KMP00.030.1,Melakukan Analisis Segmentasi Pasar,Mengelompokkan basis pelanggan dan Menentukan segmen prioritas.,Analis Pemasaran
M.70KMP00.031.1,Mengoordinasikan Aktivitas Aktivasi Merek,Menyiapkan logistik acara aktivasi dan Mengawasi pelaksanaan aktivasi.,Operasional Pemasaran
M.70KMP00.032.1,Mencapai Target Penjualan,Memantau progres pencapaian target dan Mengambil tindakan perbaikan.,Manajer Pemasaran
TIK.PR01.001.01,Membuat Algoritma Pemrograman Dasar,Mendefinisikan masalah,Programmer
TIK.PR01.001.01,Membuat Algoritma Pemrograman Dasar,Membuat alur logika (flowchart),Programmer
TIK.PR02.001.01,Menggunakan Struktur Data,Menentukan struktur data,Programmer
TIK.PR02.001.01,Menggunakan Struktur Data,Menerapkan operasi struktur data,Programmer
TIK.PR02.002.01,Membuat Program Dasar,Menyiapkan lingkungan pengembangan,Programmer
TIK.PR02.002.01,Membuat Program Dasar,Menulis kode program,Programmer
TIK.PR02.003.01,Melaksanakan Pengujian Unit Program,Membuat rencana pengujian unit,Programmer
TIK.PR02.003.01,Melaksanakan Pengujian Unit Program,Mengeksekusi pengujian,Programmer
TIK.PR02.005.01,Melakukan Identifikasi Library Komponen,Mengidentifikasi fungsi library,System Analyst
TIK.PR02.005.01,Melakukan Identifikasi Library Komponen,Mengintegrasikan library ke dalam sistem,System Analyst
TIK.PR02.008.01,Membuat Struktur Database,Merancang skema database,Database Dev
TIK.PR02.008.01,Membuat Struktur Database,Mengimplementasikan database,Database Dev
TIK.PR02.010.1,Menulis Program Lanjut,Menerapkan konsep OOP,Programmer
TIK.PR02.010.1,Menulis Program Lanjut,Mengelola penanganan kesalahan (Exception Handling),Programmer
TIK.PR02.015.01,Membuat Halaman Statis Web,Merancang tata letak (layout),Web Developer
TIK.PR02.015.01,Membuat Halaman Statis Web,Menerapkan desain visual dengan CSS,Web Developer
TIK.PR02.020.01,Melakukan Debugging,Mencari sumber kesalahan,Programmer
TIK.PR02.020.01,Melakukan Debugging,Memperbaiki bug,Programmer
TIK.PR02.022.01,Membuat Dokumentasi Kode Program,Menyusun manual teknis,Documentator
TIK.PR02.025.01,Menerapkan Keamanan Kode Program,Melakukan validasi input,Security Prog.
TIK.PR02.021.01,Membuat Desain Sistem,Merancang arsitektur aplikasi,System Analyst
TIK.PR03.001.01,Mengelola Konfigurasi Perangkat Lunak,Menggunakan sistem kontrol versi (Git/SVN),Programmer
TIK.PR02.016.01,Membuat Antarmuka Pengguna (GUI),Merancang elemen visual antarmuka,UI/UX Designer
TIK.PR02.011.01,Membuat Program Perangkat Bergerak,Mengonfigurasi SDK Mobile,Mobile Dev
TIK.PR02.011.01,Membuat Program Perangkat Bergerak,Mengimplementasikan fitur mobile,Mobile Dev
TIK.PR02.023.01,Melakukan Instalasi Program,Menyiapkan paket instalasi (Deployment),Programmer
TIK.PR02.024.01,Memberikan Dukungan Teknis,Menangani keluhan operasional,Programmer
TIK.PR02.009.01,Mengoptimalkan Query Database,Melakukan tuning query SQL,DB Admin
TIK.PR02.026.01,Menerapkan Enkripsi Data,Mengimplementasikan algoritma kriptografi,Security Prog.
TIK.PR02.018.01,Membuat Konektivitas Antar Sistem,Mengonsumsi Web Service / API,Integrator
TIK.PR02.019.01,Membuat Skrip Sisi Server (Backend),Mengelola sesi dan cookie,Web Developer
TIK.PR04.001.01,Mengevaluasi Teknologi Pemrograman,Melakukan studi banding teknologi,Software Architect
TIK.PR02.004.01,Melaksanakan Pengujian Integrasi,Menguji interaksi antar modul,Tester
TIK.PR01.002.01,Menerapkan Etika Profesi Programmer,Menghargai Hak Kekayaan Intelektual (HKI),Programmer
TIK.PR03.002.01,Mengelola Lingkungan Pengujian,Menyiapkan server simulasi,DevOps
TIK.PR02.006.01,Mendefinisikan Spesifikasi Program,Menerjemahkan kebutuhan bisnis ke teknis,Analyst
TIK.PR02.007.01,Membuat Laporan Data,Merancang format laporan (Reporting),Data Analyst
TIK.PR02.012.01,Menggunakan Framework Pemrograman,Menginstalasi framework,Programmer
TIK.PR02.013.01,Melakukan Refactoring Kode,Memperbaiki struktur kode,Programmer
TIK.PR02.014.01,Mengintegrasikan Sistem Database,Melakukan sinkronisasi data,Integrator
TIK.PR02.017.01,Membuat Prototype Aplikasi,Membuat wireframe fungsional,Analyst
TIK.PR05.001.01,Melakukan Pemeliharaan Sistem,Melakukan patching berkala,Programmer
E.360034.001.01,Mengevaluasi Aspirasi Pemangku Kepentingan,Menyiapkan data harapan dan kebutuhan pemangku kepentingan ,Pengembangan Bisnis
E.360034.001.01,Mengevaluasi Aspirasi Pemangku Kepentingan,Menganalisis aspirasi pemangku kepentingan ,Pengembangan Bisnis
E.360034.001.01,Mengevaluasi Aspirasi Pemangku Kepentingan,Membuat laporan evaluasi ,Pengembangan Bisnis
E.360034.010.01,Menetapkan Sasaran Rencana Bisnis,Mengidentifikasi sasaran rencana bisnis ,Pengembangan Bisnis
E.360034.014.01,Melakukan Analisis Rasio Keuangan,Menyiapkan data analisis rasio keuangan ,Keuangan
E.360034.014.01,Melakukan Analisis Rasio Keuangan,Menghitung analisis rasio keuangan ,Keuangan
E.360034.014.01,Melakukan Analisis Rasio Keuangan,Membuat laporan analisis rasio keuangan ,Keuangan
E.360035.005.01,Menghitung Beban Operasional dan Non Operasional,Menyiapkan data beban ,Keuangan
E.360032.028.01,Melakukan Evaluasi Beban Usaha,Menyiapkan data beban usaha ,Keuangan
E.360032.028.01,Melakukan Evaluasi Beban Usaha,Menganalisis data beban usaha ,Keuangan
E.360032.028.01,Melakukan Evaluasi Beban Usaha,Membuat laporan evaluasi ,Keuangan
E.360035.003.01 ,Mengelola Kewajiban Jangka Pendek dan Panjang,Menyiapkan data kewajiban ,Keuangan
E.360035.005.01,Menghitung Beban Operasional dan Non Operasional,Melakukan penghitungan beban ,Keuangan
E.360034.013.01,Menyusun Proyeksi Keuangan,Menghitung proyeksi ,Keuangan
E.360035.004.01 ,Menyusun Laporan Keuangan,Menyiapkan draf laporan ,Keuangan
E.360034.014.01,Melakukan Analisis Rasio Keuangan,Rekomendasi hasil analisis ,Keuangan
E.360034.014.01,Melakukan Analisis Rasio Keuangan,Merekomendasikan hasil analisis,Keuangan
E.360035.006.01,Menghitung Biaya Produksi,Menyiapkan data biaya,Keuangan
E.360035.006.01,Menghitung Biaya Produksi,Melakukan kalkulasi biaya,Keuangan
E.360035.007.01,Menghitung Biaya Distribusi,Mengidentifikasi komponen biaya,Keuangan
E.360035.008.01,Menghitung Penyusutan Aset,Menentukan masa manfaat aset,Keuangan
E.360035.009.01,Menghitung Profitabilitas,Menganalisis margin laba,Keuangan
E.360035.010.01,Menghitung Likuiditas,Menganalisis rasio lancar,Keuangan
E.360035.010.01,Menghitung Likuiditas,Membuat laporan likuiditas,Keuangan
E.360035.011.01,Menghitung Solvabilitas,Menilai struktur modal,Keuangan
E.360032.028.01,Melakukan Evaluasi Beban Usaha,Menyiapkan data beban,Keuangan
E.360032.028.01,Melakukan Evaluasi Beban Usaha,Menganalisis dan evaluasi,Keuangan
E.360032.028.01,Melakukan Evaluasi Beban Usaha,Melaporkan hasil evaluasi,Keuangan
E.360036.001.01,Menentukan Tim RPAM,Mengidentifikasi anggota tim,RPAM
E.360036.002.01,Membuat Rantai Pasok SPAM,Mendeskripsikan sistem SPAM,RPAM
E.360036.003.01,Menginvestigasi Risiko,Mengidentifikasi kejadian bahaya,RPAM
E.360036.003.01,Menginvestigasi Risiko,Menganalisis tingkat risiko,RPAM
E.360036.004.01,Membuat Daftar Tindakan Pengendalian,Menentukan kontrol risiko,RPAM
E.360036.004.01,Membuat Daftar Tindakan Pengendalian,Memvalidasi tindakan,RPAM
E.360036.005.01,Melakukan Reanalisis Risiko,Menilai risiko sisa (residual),RPAM
E.360036.006.01,Menentukan Cara Pengawasan,Merancang prosedur monitoring,RPAM
E.360036.007.01,Pengawasan Progres Pemenuhan,Memantau pelaksanaan rencana,RPAM
E.360036.008.01,Membuat Rencana Perbaikan,Menyusun jadwal upgrade,RPAM
E.360036.009.01,Melakukan Verifikasi RPAM,Menguji kepatuhan sistem,RPAM
E.360036.010.01,Melakukan Tinjauan Manajemen,Mengevaluasi performa RPAM,RPAM
E.360036.011.01,Mengelola Dokumentasi RPAM,Mengarsipkan data teknis,Operasional
E.360034.018.01,Melakukan Pengendalian Rencana Bisnis,Memantau IKK,Operasional
E.360034.018.01,Melakukan Pengendalian Rencana Bisnis,Menilai penerapan program,Operasional
E.360034.008.01,Mengkaji Kondisi Eksternal,Mengumpulkan data eksternal,Manajemen
E.360034.008.01,Mengkaji Kondisi Eksternal,Menganalisis dampak eksternal,Manajemen
E.360035.012.01,Menghitung Arus Kas (Cash Flow),Mengidentifikasi arus kas masuk,Keuangan
E.360035.012.01,Menghitung Arus Kas (Cash Flow),Menganalisis saldo kas,Keuangan
E.360035.013.01,Mengevaluasi Piutang Air,Menyiapkan data tunggakan,Keuangan
E.360035.013.01,Mengevaluasi Piutang Air,Menganalisis efektivitas penagihan,Keuangan
E.360034.012.01,Merumuskan Program Rencana Bisnis,Menyiapkan data program,Pengembangan
E.360034.012.01,Merumuskan Program Rencana Bisnis,Menyusun draf program,Pengembangan
J.620100.001.1,Menulis Kode Program Secara Dasar,Menyiapkan peralatan dan bahan untuk penulisan kode program,Programmer
J.620100.001.1,Menulis Kode Program Secara Dasar,Melakukan penulisan kode program,Programmer
J.620100.001.1,Menulis Kode Program Secara Dasar,Melakukan pengujian kode program,Programmer
J.620100.002.1,Mendesain Struktur Data,Menentukan struktur data yang akan digunakan,Software Architect
J.620100.002.1,Mendesain Struktur Data,Menerapkan struktur data dalam program,Software Architect
J.620100.004.1,Menggunakan Library atau Komponen Pre-existing,Mengidentifikasi library atau komponen yang dibutuhkan,Programmer
J.620100.004.1,Menggunakan Library atau Komponen Pre-existing,Mengintegrasikan library atau komponen ke dalam perangkat lunak,Programmer
J.620100.005.1,Membuat Halaman Web Statis,Merancang tata letak halaman web,Web Developer
J.620100.005.1,Membuat Halaman Web Statis,Menerapkan gaya (styling) pada halaman web,Web Developer
J.620100.006.1,Membuat Halaman Web Dinamis,Mengelola input dari pengguna,Web Developer
J.620100.006.1,Membuat Halaman Web Dinamis,Mengintegrasikan halaman web dengan basis data,Web Developer
J.620100.007.1,Membuat Rancangan Basis Data,Melakukan pemodelan data,Database Dev
J.620100.007.1,Membuat Rancangan Basis Data,Menentukan skema basis data,Database Dev
J.620100.009.1,Mengonfigurasi Perangkat Jaringan,Menyiapkan perangkat jaringan,Network Eng.
J.620100.009.1,Mengonfigurasi Perangkat Jaringan,Melakukan pengaturan parameter jaringan,Network Eng.
J.620100.012.1,Mengelola Sistem Operasi,Melakukan instalasi sistem operasi,Sys Admin
J.620100.012.1,Mengelola Sistem Operasi,Melakukan pemeliharaan sistem operasi,Sys Admin
J.620100.015.1,Memberikan Layanan Bantuan Teknis,Mengidentifikasi permasalahan teknis,IT Support
J.620100.015.1,Memberikan Layanan Bantuan Teknis,Memberikan solusi bantuan teknis,IT Support
J.620100.017.1,Melakukan Debugging,Mengidentifikasi kesalahan (bug),Programmer
J.620100.018.1,Melakukan Identifikasi Spesifikasi Perangkat Lunak,Mengidentifikasi kebutuhan fungsional,System Analyst
J.620100.018.1,Melakukan Identifikasi Spesifikasi Perangkat Lunak,Menentukan kebutuhan non-fungsional,System Analyst
J.620100.019.1,Mengelola Repositori Kode Program,Menyiapkan lingkungan kontrol versi,Programmer
J.620100.019.1,Mengelola Repositori Kode Program,Melakukan manajemen perubahan kode,Programmer
J.620100.021.1,Melakukan Pengujian Integrasi Perangkat Lunak,Merancang skenario pengujian integrasi,Quality Assurance
J.620100.021.1,Melakukan Pengujian Integrasi Perangkat Lunak,Melaksanakan uji integrasi,Quality Assurance
J.620100.025.1,Melakukan Estimasi Upaya Pengembangan Perangkat Lunak,Menghitung skala proyek,Project Manager
J.620100.025.1,Melakukan Estimasi Upaya Pengembangan Perangkat Lunak,Menentukan alokasi waktu dan SDM,Project Manager
J.620100.026.1,Membuat Dokumentasi Teknis Perangkat Lunak,Menyusun manual pengembang,Technical Writer
J.620100.026.1,Membuat Dokumentasi Teknis Perangkat Lunak,Menyusun manual operasional,Technical Writer
J.620100.027.1,Melakukan Deployment Perangkat Lunak,Menyiapkan paket rilis (Release Package),DevOps Engineer
J.620100.027.1,Melakukan Deployment Perangkat Lunak,Mengeksekusi proses deployment,DevOps Engineer
J.62KI00.001.2,Menyusun Kebijakan Keamanan Informasi,Menentukan ruang lingkup kebijakan,Security Officer
J.62KI00.001.2,Menyusun Kebijakan Keamanan Informasi,Membuat draf dokumen kebijakan,Security Officer
J.62KI00.002.2,Melakukan Analisis Risiko Keamanan Informasi,Mengidentifikasi aset informasi,Risk Analyst
J.62KI00.002.2,Melakukan Analisis Risiko Keamanan Informasi,Menilai ancaman dan kerentanan,Risk Analyst
J.62KI00.004.2,Melakukan Evaluasi Keamanan Informasi,Menyiapkan instrumen evaluasi,Security Engineer
J.62KI00.004.2,Melakukan Evaluasi Keamanan Informasi,Melaksanakan audit/evaluasi teknis,Security Engineer
J.62KI00.005.1,Menerapkan Kontrol Akses,Merancang skema otentikasi,Access Manager
J.62KI00.005.1,Menerapkan Kontrol Akses,Mengelola hak akses (Authorization),Access Manager
J.62KI00.007.2,Mengelola Keamanan Jaringan,Mengonfigurasi perangkat keamanan jaringan,Net-Sec Engineer
J.62KI00.007.2,Mengelola Keamanan Jaringan,Memantau lalu lintas jaringan,Net-Sec Engineer
J.62KI00.010.1,Melaksanakan Audit Keamanan Informasi Internal,Merencanakan audit,Security Auditor
J.62KI00.010.1,Melaksanakan Audit Keamanan Informasi Internal,Melaporkan hasil audit,Security Auditor
J.62KI00.012.1,Menangani Insiden Keamanan Informasi,Mendeteksi dan menganalisis insiden,Incident Responder
J.62KI00.012.1,Menangani Insiden Keamanan Informasi,Melakukan tindakan pemulihan,Incident Responder
J.62KI00.015.1,Mengelola Kesadaran Keamanan Informasi,Merancang program edukasi,Awareness Officer
J.62KI00.018.1,Menerapkan Proteksi Data Pribadi,Mengidentifikasi pemrosesan data pribadi,Privacy Officer
J.62KI00.018.1,Menerapkan Proteksi Data Pribadi,Menerapkan kontrol privasi,Privacy Officer
J.62KI00.021.1,Melakukan Pengujian Penetrasi,Melakukan pengumpulan informasi (Reconnaissance),Pentester
J.62KI00.025.1,Menyusun Rencana Kelangsungan Bisnis,Melakukan analisis dampak bisnis (BIA),BCP Specialist
J.62KI00.025.1,Menyusun Rencana Kelangsungan Bisnis,Merancang strategi pemulihan,BCP Specialist
J.62KI00.022.1,Melakukan Penanganan Kerentanan,Melakukan identifikasi kerentanan,Security Officer
J.62KI00.022.1,Melakukan Penanganan Kerentanan,Melaksanakan remediasi kerentanan,Security Officer
J.62KI00.023.1,Melakukan Pemantauan Keamanan Informasi,Menyiapkan instrumen pemantauan,Security Analyst
J.62KI00.023.1,Melakukan Pemantauan Keamanan Informasi,Menganalisis hasil pemantauan,Security Analyst
J.62KI00.024.1,Melakukan Investigasi Insiden Keamanan Informasi,Mengumpulkan bukti digital,Forensic Analyst
J.62KI00.024.1,Melakukan Investigasi Insiden Keamanan Informasi,Menganalisis bukti digital,Forensic Analyst
J.62KI00.026.1,Melakukan Mitigasi Risiko Keamanan Informasi,Menentukan strategi mitigasi,Risk Manager
J.62KI00.027.1,Mengelola Kepatuhan Keamanan Informasi,Mengidentifikasi persyaratan kepatuhan,Compliance Off.
J.62KI00.027.1,Mengelola Kepatuhan Keamanan Informasi,Memantau status kepatuhan,Compliance Off.
J.62KI00.028.1,Menerapkan Keamanan Perangkat Lunak,Mengintegrasikan keamanan pada SDLC,Security Eng.
J.62KI00.029.1,Mengelola Keamanan Pihak Ketiga,Menetapkan persyaratan keamanan pihak ketiga,Security Eng.
J.62KI00.029.1,Mengelola Keamanan Pihak Ketiga,Mengevaluasi kinerja pihak ketiga,Security Eng.
J.62KI00.030.1,Mengelola Keamanan Data Besar (Big Data),Menerapkan kontrol keamanan big data,Data Protection
J.62KI00.031.1,Mengelola Keamanan Layanan Awan (Cloud Security),Mengonfigurasi keamanan infrastruktur cloud,Cloud Security
